{"num_spin_orbitals": 4, "_data": {"+_0 -_0": -1.25633907300325, "+_1 -_1": -0.47189600728114184, "+_2 -_2": -1.25633907300325, "+_3 -_3": -0.47189600728114184, "+_0 +_0 -_0 -_0": 0.33785507740175813, "+_0 +_1 -_1 -_0": 0.3322908651276482, "+_0 +_2 -_2 -_0": 0.33785507740175813, "+_0 +_3 -_3 -_0": 0.3322908651276482, "+_0 +_0 -_1 -_1": 0.09046559989211572, "+_0 +_1 -_0 -_1": 0.09046559989211572, "+_0 +_2 -_3 -_1": 0.09046559989211572, "+_0 +_3 -_2 -_1": 0.09046559989211572, "+_1 +_0 -_1 -_0": 0.09046559989211572, "+_1 +_1 -_0 -_0": 0.09046559989211572, "+_1 +_2 -_3 -_0": 0.09046559989211572, "+_1 +_3 -_2 -_0": 0.09046559989211572, "+_1 +_0 -_0 -_1": 0.3322908651276482, "+_1 +_1 -_1 -_1": 0.34928686136600884, "+_1 +_2 -_2 -_1": 0.3322908651276482, "+_1 +_3 -_3 -_1": 0.34928686136600884, "+_2 +_0 -_0 -_2": 0.33785507740175813, "+_2 +_1 -_1 -_2": 0.3322908651276482, "+_2 +_2 -_2 -_2": 0.33785507740175813, "+_2 +_3 -_3 -_2": 0.3322908651276482, "+_2 +_0 -_1 -_3": 0.09046559989211572, "+_2 +_1 -_0 -_3": 0.09046559989211572, "+_2 +_2 -_3 -_3": 0.09046559989211572, "+_2 +_3 -_2 -_3": 0.09046559989211572, "+_3 +_0 -_1 -_2": 0.09046559989211572, "+_3 +_1 -_0 -_2": 0.09046559989211572, "+_3 +_2 -_3 -_2": 0.09046559989211572, "+_3 +_3 -_2 -_2": 0.09046559989211572, "+_3 +_0 -_0 -_3": 0.3322908651276482, "+_3 +_1 -_1 -_3": 0.34928686136600884, "+_3 +_2 -_2 -_3": 0.3322908651276482, "+_3 +_3 -_3 -_3": 0.34928686136600884}}